"","Time","Region","Ratio","Upper","Lower"
"1",1938.5,"Northern Western Europe",0.947908899472139,1.12610225447643,0.797912692321394
"2",1939.5,"Northern Western Europe",0.95207560436141,1.12104298330189,0.80857555858413
"3",1940.5,"Northern Western Europe",0.956097554412591,1.1162143191891,0.818948940036731
"4",1941.5,"Northern Western Europe",0.959975877509562,1.11162171526333,0.829017347130491
"5",1942.5,"Northern Western Europe",0.963711816955715,1.10727097250535,0.838765297024525
"6",1943.5,"Northern Western Europe",0.967306728328646,1.10316819246186,0.848177379536091
"7",1944.5,"Northern Western Europe",0.970762076272291,1.09931969830869,0.85723835402781
"8",1945.5,"Northern Western Europe",0.974079431234775,1.09573191454907,0.865933286925516
"9",1946.5,"Northern Western Europe",0.977260466160135,1.09241119440905,0.874247740784238
"10",1947.5,"Northern Western Europe",0.980306953141934,1.08936358358454,0.882168026230743
"11",1948.5,"Northern Western Europe",0.9832207600466,1.08659451009331,0.889681527015627
"12",1949.5,"Northern Western Europe",0.986003847114203,1.08410839346502,0.896777104931965
"13",1950.5,"Northern Western Europe",0.988658263544134,1.08190817327969,0.90344558458328
"14",1951.5,"Northern Western Europe",0.991186144073024,1.07999476780537,0.90968030724701
"15",1952.5,"Northern Western Europe",0.993589705551981,1.07836648812257,0.915477728446125
"16",1953.5,"Northern Western Europe",0.995871243530047,1.07701845029439,0.920838016673712
"17",1954.5,"Northern Western Europe",0.998033128850531,1.07594204476677,0.92576559409303
"18",1955.5,"Northern Western Europe",1.00007780426668,1.07512453358627,0.930269548636058
"19",1956.5,"Northern Western Europe",1.00200778108283,1.07454884695009,0.934363845999428
"20",1957.5,"Northern Western Europe",1.00382563582715,1.07419363717142,0.938067283471521
"21",1958.5,"Northern Western Europe",1.00553400696149,1.07403362006363,0.94140315560711
"22",1959,"Northern Western Europe",1.00634797682911,1.07401797874671,0.942941617839426
"23",1959.5,"Northern Western Europe",1.007135591634,1.07404019562904,0.944398639886928
"24",1960.5,"Northern Western Europe",1.00863314247967,1.07418230054135,0.947083949899113
"25",1961.5,"Northern Western Europe",1.01002946447382,1.07442741423694,0.949491334256203
"26",1962.5,"Northern Western Europe",1.01132741184317,1.07474262592871,0.951654013965984
"27",1963.5,"Northern Western Europe",1.01252988503912,1.07509567372924,0.953605147103895
"28",1964.5,"Northern Western Europe",1.01363982777743,1.07545588602682,0.955376890680784
"29",1965.5,"Northern Western Europe",1.01466022414821,1.07579498254392,0.956999602316386
"30",1966.5,"Northern Western Europe",1.01559409580016,1.07608772084839,0.958501195990754
"31",1967.5,"Northern Western Europe",1.01644449920238,1.07631239802009,0.959906642215878
"32",1968.5,"Northern Western Europe",1.01721452298717,1.07645123400051,0.961237586147389
"33",1969.5,"Northern Western Europe",1.01790728537684,1.07649067262978,0.962512047681791
"34",1970.5,"Northern Western Europe",1.0185259316973,1.07642163976041,0.963744164202004
"35",1971.5,"Northern Western Europe",1.01907363198118,1.07623979685011,0.964943937623184
"36",1972.5,"Northern Western Europe",1.01955357866273,1.07594582447725,0.966116951352096
"37",1973.5,"Northern Western Europe",1.01996898436673,1.07554576388964,0.967264029108155
"38",1974.5,"Northern Western Europe",1.02032307979353,1.07505143552429,0.968380816729621
"39",1975.5,"Northern Western Europe",1.02061911170185,1.07448093974551,0.969457281780907
"40",1976.5,"Northern Western Europe",1.02086034099104,1.0738592239419,0.970477146885985
"41",1977.5,"Northern Western Europe",1.02105004088428,1.07321866780917,0.971417305028801
"42",1978.5,"Northern Western Europe",1.0212198800465,1.07247012435048,0.972418736637349
"43",1979.5,"Northern Western Europe",1.02140201099085,1.07155045206385,0.973600511340179
"44",1980,"Northern Western Europe",1.02149893876672,1.07105511804246,0.974235652604547
"45",1980.5,"Northern Western Europe",1.02160044339846,1.07055303350232,0.974886281474126
"46",1981.5,"Northern Western Europe",1.02181919072915,1.06957942727233,0.97619160570909
"47",1982.5,"Northern Western Europe",1.02206227093992,1.06872382689909,0.977438005391726
"48",1983.5,"Northern Western Europe",1.0223337073612,1.06805880706905,0.97856616348217
"49",1984,"Northern Western Europe",1.02248131816228,1.06781156612371,0.979075409143626
"50",1984.5,"Northern Western Europe",1.02263752973176,1.06762362229332,0.979547000814249
"51",1985,"Northern Western Europe",1.02280284698413,1.06749353147176,0.979983140840709
"52",1985.5,"Northern Western Europe",1.02297777539233,1.06741726139421,0.980388426152841
"53",1986.5,"Northern Western Europe",1.0233584906391,1.06739826690768,0.981135751135443
"54",1987.5,"Northern Western Europe",1.02378373223744,1.06749198154484,0.981865108604557
"55",1988,"Northern Western Europe",1.02401432142924,1.06755197474834,0.982252251221197
"56",1988.5,"Northern Western Europe",1.0244126967929,1.06766913239778,0.982908788412474
"57",1989.5,"Northern Western Europe",1.02597271234068,1.06831257206378,0.985310885590563
"58",1990,"Northern Western Europe",1.02699699554009,1.06887587442609,0.986758943749842
"59",1990.5,"Northern Western Europe",1.02809230992507,1.06959981642614,0.988195567627095
"60",1991.5,"Northern Western Europe",1.03021902246063,1.07134468707371,0.990672047050277
"61",1992.5,"Northern Western Europe",1.03179610062254,1.07282333029694,0.992337846498184
"62",1993.5,"Northern Western Europe",1.03325531715385,1.07357668884405,0.994448334730747
"63",1994.5,"Northern Western Europe",1.0350598102025,1.07441263199382,0.997148375581088
"64",1995.5,"Northern Western Europe",1.0366949378478,1.07568957318207,0.999113890246234
"65",1996.5,"Northern Western Europe",1.03764297266294,1.07666971377911,1.0000308589879
"66",1997,"Northern Western Europe",1.03777687816424,1.0766871102365,1.00027281706358
"67",1997.5,"Northern Western Europe",1.03776324492272,1.07643967115292,1.00047646084899
"68",1998.5,"Northern Western Europe",1.03739038260348,1.07551664243961,1.00061567013698
"69",1999.5,"Northern Western Europe",1.0367186509966,1.07440254432638,1.00035649301079
"70",2000.5,"Northern Western Europe",1.03594221961286,1.07314480641938,1.00002933057762
"71",2001.5,"Northern Western Europe",1.03498180813258,1.07154666228015,0.99966467245206
"72",2002.5,"Northern Western Europe",1.03368429733717,1.06965189846853,0.99892612549116
"73",2003.5,"Northern Western Europe",1.03213270551913,1.06760863378736,0.997835618866315
"74",2004.5,"Northern Western Europe",1.03040979362484,1.06552866539926,0.996448408452863
"75",2005.5,"Northern Western Europe",1.02850539742509,1.06364450894886,0.994527159810135
"76",2006.5,"Northern Western Europe",1.02635977665243,1.06224535221273,0.991686514735696
"77",2007.5,"Northern Western Europe",1.02398111209909,1.06155465346946,0.987737479656624
"78",2008.5,"Northern Western Europe",1.0213776844909,1.06177304256499,0.98251917552535
"79",2009.5,"Northern Western Europe",1.01858812520728,1.06309024654684,0.975948911377368
"80",2010.5,"Northern Western Europe",1.01563989751871,1.06562837268013,0.967996374606156
"81",2011.5,"Northern Western Europe",1.01252473488465,1.06939862378674,0.958675573307703
"82",2012.5,"Northern Western Europe",1.00923456902668,1.07435697158444,0.948059576340191
"83",2013.5,"Northern Western Europe",1.00576154485471,1.08043289558079,0.936250913171955
"84",2014.5,"Northern Western Europe",1.00209803591154,1.08754918367906,0.923360974057901
"85",2015.5,"Northern Western Europe",0.998236660285349,1.0956320216478,0.909499184259851
"86",2016.5,"Northern Western Europe",0.994170296935505,1.10461468276387,0.89476864170935
"87",2017.5,"Northern Western Europe",0.989892102374032,1.11443797505127,0.879265061204868
"88",2018.5,"Northern Western Europe",0.985395527640968,1.1250493832572,0.863077088299546
"110",1960.5,"Northern Eastern Europe",1.03843391930316,1.2236232596668,0.881272071481352
"210",1961.5,"Northern Eastern Europe",1.03699373493824,1.20577741565413,0.891836248000865
"310",1962.5,"Northern Eastern Europe",1.03565002222155,1.18924859260105,0.901889626105539
"410",1963.5,"Northern Eastern Europe",1.03440680454887,1.17401297051057,0.91140171716474
"510",1964.5,"Northern Eastern Europe",1.03326811260733,1.16005159003884,0.92034095871147
"610",1965.5,"Northern Eastern Europe",1.03223798855043,1.14734980367636,0.928675162180268
"710",1966.5,"Northern Eastern Europe",1.03132049034539,1.13589624512428,0.936372453357209
"89",1967.5,"Northern Eastern Europe",1.0305196962961,1.12568106866889,0.943402953120624
"91",1968.5,"Northern Eastern Europe",1.02983970974562,1.11669319070041,0.949741465785908
"101",1969.5,"Northern Eastern Europe",1.02928466396258,1.10891634805105,0.955371359914154
"111",1970.5,"Northern Eastern Europe",1.02885872721643,1.10232405825097,0.960289556093876
"121",1971.5,"Northern Eastern Europe",1.02856610804717,1.09687407500065,0.964512028076395
"131",1972.5,"Northern Eastern Europe",1.02841106073566,1.0925035801592,0.968078575714436
"141",1973.5,"Northern Eastern Europe",1.02839789098145,1.08912680482824,0.971055176942301
"151",1974.5,"Northern Eastern Europe",1.02853096179556,1.08663656300067,0.97353243521537
"161",1975.5,"Northern Eastern Europe",1.0288146996165,1.08491011821324,0.975619701925336
"171",1976.5,"Northern Eastern Europe",1.02925360065848,1.08381832657332,0.977435930445834
"181",1977.5,"Northern Eastern Europe",1.02985223750167,1.08323597901286,0.979099339050474
"191",1978.5,"Northern Eastern Europe",1.03070007233803,1.08305718114324,0.980874008883116
"201",1979.5,"Northern Eastern Europe",1.03183610101311,1.08320157782365,0.982906377862821
"211",1980.5,"Northern Eastern Europe",1.03318920415435,1.0836224472866,0.985103191848857
"221",1981.5,"Northern Eastern Europe",1.0346880570612,1.08428784793926,0.98735716485228
"231",1982.5,"Northern Eastern Europe",1.03626100379009,1.08515268852533,0.989572139783706
"241",1983.5,"Northern Eastern Europe",1.03783598076052,1.08613930833418,0.991680822797139
"251",1984.5,"Northern Eastern Europe",1.03934049028009,1.08712877711797,0.993652893265683
"261",1985.5,"Northern Eastern Europe",1.04048262319805,1.08740514672258,0.995584849345285
"271",1986.5,"Northern Eastern Europe",1.04117847807931,1.0870333661545,0.997257910353299
"281",1987.5,"Northern Eastern Europe",1.04166819432933,1.08685865061225,0.998356710383722
"291",1988.5,"Northern Eastern Europe",1.04219263809086,1.08718963864103,0.999057989780402
"301",1989,"Northern Eastern Europe",1.04254329199944,1.0874773149278,0.999465920597331
"311",1989.5,"Northern Eastern Europe",1.04303739956929,1.08777485380799,1.0001398847305
"321",1990.5,"Northern Eastern Europe",1.0444617692804,1.08878900537896,1.00193920226871
"331",1991.5,"Northern Eastern Europe",1.04611789092151,1.09083119224584,1.00323739317808
"341",1992.5,"Northern Eastern Europe",1.04758400847913,1.09296036922505,1.00409153499255
"351",1993.5,"Northern Eastern Europe",1.04952388829042,1.09462677370905,1.00627941737612
"361",1994,"Northern Eastern Europe",1.05086047933433,1.09575289027297,1.00780728650569
"371",1994.5,"Northern Eastern Europe",1.05229365789237,1.09715418005309,1.0092673961165
"381",1995.5,"Northern Eastern Europe",1.05500305588049,1.10048194383909,1.01140364378383
"391",1996.5,"Northern Eastern Europe",1.05675328042508,1.10302224418112,1.0124251814325
"401",1997.5,"Northern Eastern Europe",1.05781542999992,1.10420547322648,1.01337433211255
"411",1998.5,"Northern Eastern Europe",1.05890694736386,1.10539187535701,1.0143768451467
"421",1999.5,"Northern Eastern Europe",1.05979328608125,1.1066603308269,1.01491105982237
"431",2000.5,"Northern Eastern Europe",1.06023919541786,1.10738079578942,1.01510442999778
"441",2001.5,"Northern Eastern Europe",1.0602961686032,1.10739280206697,1.01520252168537
"451",2002.5,"Northern Eastern Europe",1.06016349179326,1.10723954852903,1.01508894875046
"461",2003.5,"Northern Eastern Europe",1.05982753426139,1.10702027452317,1.01464664038098
"471",2004.5,"Northern Eastern Europe",1.05927479449846,1.10683132247933,1.01376159806021
"481",2005.5,"Northern Eastern Europe",1.05849192716004,1.1067792992914,1.01231127161513
"491",2006.5,"Northern Eastern Europe",1.05746577157637,1.10700664678578,1.010141954705
"501",2007.5,"Northern Eastern Europe",1.05621648044486,1.107806904122,1.00702861609939
"511",2008.5,"Northern Eastern Europe",1.05477255554906,1.10951585683836,1.00273027833038
"521",2009.5,"Northern Eastern Europe",1.05313360172627,1.11234327095529,0.997075643863469
"531",2010.5,"Northern Eastern Europe",1.05129933899241,1.11642520805124,0.98997254110295
"541",2011.5,"Northern Eastern Europe",1.0492696039033,1.12182312689122,0.981408454937422
"551",2012.5,"Northern Eastern Europe",1.04704435080663,1.12854194407566,0.971432101669921
"561",2013.5,"Northern Eastern Europe",1.04462365298149,1.1365539858251,0.960129118350849
"571",2014.5,"Northern Eastern Europe",1.04200770366225,1.14581888527441,0.947601814253084
"581",2015.5,"Northern Eastern Europe",1.03919681694392,1.15629617463868,0.933956237193148
"591",2016.5,"Northern Eastern Europe",1.03619142856611,1.1679516292391,0.919295499706066
"601",2017.5,"Northern Eastern Europe",1.032992096573,1.18075962088483,0.903717109484701
"611",2018.5,"Northern Eastern Europe",1.02959950184673,1.1947033700869,0.887312416408376
"112",1984.5,"Southern Western Europe",0.980267301232193,1.210738285303,0.79366779223023
"212",1985.5,"Southern Western Europe",0.988074354479295,1.18029149329688,0.827160862824343
"312",1986.5,"Southern Western Europe",0.995373380205427,1.15436620713474,0.858278906553209
"412",1987.5,"Southern Western Europe",1.00208781207705,1.13313618612515,0.886195318276128
"512",1988.5,"Southern Western Europe",1.00814031266237,1.11683861777815,0.910021263445305
"612",1989,"Southern Western Europe",1.01089406796533,1.11060247192422,0.920137351105432
"711",1989.5,"Southern Western Europe",1.01345321695507,1.10564477516883,0.928948832412958
"810",1990.5,"Southern Western Europe",1.01794902975691,1.0993731094444,0.942555551232933
"92",1991.5,"Southern Western Europe",1.02157444239948,1.097200624713,0.951160907000749
"102",1992.5,"Southern Western Europe",1.02439581190301,1.09795053073461,0.955768725520191
"113",1993.5,"Southern Western Europe",1.02651794670796,1.10042354472765,0.957575926071555
"122",1994.5,"Southern Western Europe",1.02804817197496,1.10357008675876,0.957694537557808
"132",1995.5,"Southern Western Europe",1.02909529371989,1.10594119621216,0.957588999472685
"142",1996.5,"Southern Western Europe",1.02973998085965,1.1078745440633,0.957115978395701
"152",1997.5,"Southern Western Europe",1.03004930066031,1.11026404109385,0.955629942536448
"162",1998.5,"Southern Western Europe",1.03009077806092,1.11159570866649,0.954561989375672
"172",1999.5,"Southern Western Europe",1.02935433148782,1.10774581129489,0.956510355488647
"182",2000,"Southern Western Europe",1.02861557266693,1.10456984220553,0.957884197001319
"192",2000.5,"Southern Western Europe",1.02774478446271,1.10179650466552,0.958670078837256
"202",2001.5,"Southern Western Europe",1.02595091142783,1.09909448034916,0.957674969239422
"213",2002,"Southern Western Europe",1.02519900723443,1.09874401305415,0.95657677488766
"222",2002.5,"Southern Western Europe",1.0246575009601,1.09819285081837,0.956046102004212
"232",2003.5,"Southern Western Europe",1.0243155143524,1.09490751341398,0.958274794983804
"242",2004.5,"Southern Western Europe",1.02412645263018,1.09194878209875,0.960516654417608
"252",2005.5,"Southern Western Europe",1.02289950326526,1.08957443639393,0.960304646319747
"262",2006.5,"Southern Western Europe",1.02004754762104,1.08468619814854,0.95926084537974
"272",2007.5,"Southern Western Europe",1.01699774273696,1.08044461400303,0.957276657523476
"282",2008.5,"Southern Western Europe",1.01434264008002,1.07717884033863,0.95517192963154
"292",2009.5,"Southern Western Europe",1.01145605143631,1.07497739399733,0.951688239864217
"302",2010.5,"Southern Western Europe",1.00833384363,1.07453467449334,0.946211568918468
"313",2011.5,"Southern Western Europe",1.00493778278769,1.07684464893883,0.937832535333148
"322",2012.5,"Southern Western Europe",1.00123983522299,1.08299462869311,0.925656675552581
"332",2013.5,"Southern Western Europe",0.997251458323167,1.0935709353276,0.909415602591667
"342",2014.5,"Southern Western Europe",0.992984237979621,1.10872845934983,0.889322979455387
"352",2015.5,"Southern Western Europe",0.988449860435725,1.12840929766386,0.865849943471889
"362",2016.5,"Southern Western Europe",0.983660085037367,1.15252788697605,0.839534707862409
"372",2017.5,"Southern Western Europe",0.97862671794062,1.18105571445744,0.810893373905892
"382",2018.5,"Southern Western Europe",0.973361586824201,1.21404276798493,0.780394895212364
"114",1974.5,"Southern Eastern Europe",1.00160248081602,1.25803745354887,0.797438523588314
"214",1975.5,"Southern Eastern Europe",1.00497104873418,1.23130398070683,0.820241650005964
"314",1976.5,"Southern Eastern Europe",1.00826617829745,1.20745456647647,0.841937009079464
"413",1977.5,"Southern Eastern Europe",1.01148875525601,1.18643096387003,0.86234221220261
"513",1978.5,"Southern Eastern Europe",1.01463970247164,1.16820015281818,0.881264844340392
"613",1979.5,"Southern Eastern Europe",1.01771997901464,1.15274897149816,0.898507811583175
"712",1980.5,"Southern Eastern Europe",1.02073057925903,1.14007147441398,0.913882101970869
"811",1981.5,"Southern Eastern Europe",1.02367253197712,1.13014490139823,0.927231058095261
"93",1982.5,"Southern Eastern Europe",1.02654689943499,1.12289267688991,0.938467725747673
"103",1983.5,"Southern Eastern Europe",1.02935477648993,1.11814139845394,0.947618304221374
"115",1984.5,"Southern Eastern Europe",1.03209728969124,1.11559123726609,0.954852261118938
"123",1985.5,"Southern Eastern Europe",1.03477559638546,1.1148232099024,0.96047563897475
"133",1986.5,"Southern Eastern Europe",1.03739088382736,1.11535016383643,0.964880699121803
"143",1987.5,"Southern Eastern Europe",1.04013989872716,1.11666827789826,0.968856221975274
"153",1988.5,"Southern Eastern Europe",1.04312683031355,1.11847824110125,0.972851812520406
"163",1989.5,"Southern Eastern Europe",1.04621297832664,1.12073724089412,0.976644262437341
"173",1990.5,"Southern Eastern Europe",1.04925805587615,1.12341200293391,0.979998847213464
"183",1991.5,"Southern Eastern Europe",1.0521201507041,1.12631299339274,0.982814562214361
"193",1992.5,"Southern Eastern Europe",1.05465587672661,1.12902438714125,0.985185998621678
"203",1993.5,"Southern Eastern Europe",1.05660786558216,1.12994535663474,0.988030239741023
"215",1994.5,"Southern Eastern Europe",1.05783068701538,1.12935095357933,0.99083970208277
"223",1995.5,"Southern Eastern Europe",1.05834917326107,1.12918757501983,0.991954744562901
"233",1996.5,"Southern Eastern Europe",1.05818965382482,1.12984744715944,0.991076579654272
"243",1997.5,"Southern Eastern Europe",1.05737978023344,1.12980199113032,0.989599955057572
"253",1998.5,"Southern Eastern Europe",1.05506904335547,1.12578185201451,0.988797860131679
"263",1999.5,"Southern Eastern Europe",1.05167902325205,1.121176240419,0.986489659765759
"273",2000.5,"Southern Eastern Europe",1.04913208127748,1.11891129098029,0.983704546408945
"283",2001.5,"Southern Eastern Europe",1.04709684937737,1.11554417121348,0.982849303746848
"293",2002.5,"Southern Eastern Europe",1.04472862476165,1.11191780563549,0.981599443650034
"303",2003.5,"Southern Eastern Europe",1.04315765120549,1.10946025390499,0.980817367218406
"315",2004.5,"Southern Eastern Europe",1.04224401226141,1.10678175812128,0.981469538257176
"323",2005.5,"Southern Eastern Europe",1.041384288057,1.10410407669614,0.982227362711255
"333",2006.5,"Southern Eastern Europe",1.04100679365553,1.10236422494902,0.983064508000601
"343",2007.5,"Southern Eastern Europe",1.04153967145117,1.10252692973295,0.983925977635184
"353",2008.5,"Southern Eastern Europe",1.0429200392983,1.10580210577962,0.983613797337738
"363",2009.5,"Southern Eastern Europe",1.04486749426765,1.11343688738308,0.980520847610046
"373",2010.5,"Southern Eastern Europe",1.04748657631672,1.12643568882971,0.974070813313515
"383",2011.5,"Southern Eastern Europe",1.05108736185646,1.14562610070349,0.964350097798901
"392",2012.5,"Southern Eastern Europe",1.05578985212488,1.17143453484253,0.951561678177528
"402",2013.5,"Southern Eastern Europe",1.06141506406166,1.20371309302655,0.935938924934638
"414",2014.5,"Southern Eastern Europe",1.06778269563833,1.24218308112069,0.917867826758693
"422",2015.5,"Southern Eastern Europe",1.07470965621459,1.28654511966531,0.897753858381091
"116",1977.5,"Middle East/North Africa",1.07029930374163,1.28988122362479,0.88809774001567
"216",1982.5,"Middle East/North Africa",1.05029846095307,1.1477904718123,0.961087310072028
"316",1983.5,"Middle East/North Africa",1.04808628439438,1.13393569549619,0.968736467066533
"415",1984.5,"Middle East/North Africa",1.04657800419249,1.12460740236127,0.973962572680691
"514",1985.5,"Middle East/North Africa",1.04559888014348,1.11916446248362,0.976868954301076
"614",1986.5,"Middle East/North Africa",1.04491630028588,1.11675270944848,0.977700851195919
"713",1987.5,"Middle East/North Africa",1.0447194714323,1.11660063708338,0.977465655796757
"812",1988.5,"Middle East/North Africa",1.04486958820864,1.1179455943089,0.976570292795146
"94",1989.5,"Middle East/North Africa",1.04552918767616,1.12035034175487,0.97570486797061
"104",1992.5,"Middle East/North Africa",1.05021563081383,1.13280858085089,0.97364452375284
"117",1993.5,"Middle East/North Africa",1.05295197232316,1.13845200780648,0.97387316146548
"124",1994.5,"Middle East/North Africa",1.05701903044221,1.14729279444641,0.973848381272291
"134",1995.5,"Middle East/North Africa",1.05972031441936,1.15363571253939,0.973450399104849
"144",1997.5,"Middle East/North Africa",1.06085025021075,1.15597841904922,0.97355040096497
"154",2002.5,"Middle East/North Africa",1.05860762976176,1.17631063708146,0.952682121935273
"164",2004,"Middle East/North Africa",1.0580486487608,1.17761746785369,0.950620191788495
"174",2007.5,"Middle East/North Africa",1.05663397230522,1.16465617068371,0.958630864226728
"184",2012.5,"Middle East/North Africa",1.05628259908317,1.16081396402969,0.961164289627168
"194",2013.5,"Middle East/North Africa",1.05707883356929,1.17296890406737,0.952638775423181
"204",2014.5,"Middle East/North Africa",1.05811314731555,1.19206360047186,0.939214511775076
"217",2015.5,"Middle East/North Africa",1.05929706308188,1.21782339017373,0.921406401706422
"118",1980.5,"Far East Europe / Central Asia",0.891445998137268,1.1837632431039,0.67131326489853
"218",1981.5,"Far East Europe / Central Asia",0.921370960277693,1.16514843759545,0.728597678245174
"317",1982.5,"Far East Europe / Central Asia",0.949615503399981,1.15212771258611,0.782699343524556
"416",1983.5,"Far East Europe / Central Asia",0.975603916103192,1.14519397827619,0.831128192403343
"515",1984.5,"Far East Europe / Central Asia",0.9987353053999,1.14477644705302,0.871324888645298
"615",1985.5,"Far East Europe / Central Asia",1.01839689283753,1.15054111638593,0.901429958973532
"714",1986.5,"Far East Europe / Central Asia",1.03403586772919,1.16057266293087,0.921295331091349
"813",1987.5,"Far East Europe / Central Asia",1.04616745442324,1.17301343738851,0.933038197014193
"95",1988.5,"Far East Europe / Central Asia",1.05584994758015,1.18663935085887,0.939475933440198
"105",1989.5,"Far East Europe / Central Asia",1.05852582902567,1.19303316768608,0.939183386567263
"119",1990.5,"Far East Europe / Central Asia",1.05449151832813,1.19148844072091,0.933246453950643
"125",1991.5,"Far East Europe / Central Asia",1.05217336537853,1.19147710404475,0.929156579722585
"135",1992.5,"Far East Europe / Central Asia",1.05350281635336,1.19207389050342,0.931039755929694
"145",1993.5,"Far East Europe / Central Asia",1.05492718253283,1.19338545936246,0.932533031734095
"155",1994.5,"Far East Europe / Central Asia",1.05659063208529,1.19959997017793,0.9306300363152
"165",1995.5,"Far East Europe / Central Asia",1.05863835604607,1.20470875982607,0.930278924056072
"175",1996.5,"Far East Europe / Central Asia",1.06139312100656,1.2018609662775,0.937342495454611
"185",1997.5,"Far East Europe / Central Asia",1.06404303512025,1.20102930623352,0.942681060913076
"195",1998.5,"Far East Europe / Central Asia",1.06502180259207,1.20282426656081,0.943006781231348
"205",1999.5,"Far East Europe / Central Asia",1.06342535634809,1.19804135930486,0.943935265457141
"219",2000.5,"Far East Europe / Central Asia",1.06078756828718,1.19303501465475,0.943199697586641
"224",2001.5,"Far East Europe / Central Asia",1.05918329148991,1.19110005595293,0.941876578180381
"234",2002.5,"Far East Europe / Central Asia",1.05890907149848,1.1901055070787,0.942175643279013
"244",2003.5,"Far East Europe / Central Asia",1.05885308832506,1.18999280337992,0.942165246269629
"254",2004.5,"Far East Europe / Central Asia",1.05896658827307,1.19162548476679,0.941076075842878
"264",2005.5,"Far East Europe / Central Asia",1.05920089598246,1.19609353428878,0.937975589607332
"274",2006.5,"Far East Europe / Central Asia",1.05950734767472,1.20479434716976,0.931740609850781
"284",2007.5,"Far East Europe / Central Asia",1.05992720618911,1.21965968239164,0.921114060454039
"294",2008.5,"Far East Europe / Central Asia",1.0605319665256,1.24253265972528,0.905189930598154
"304",2009.5,"Far East Europe / Central Asia",1.0613183594685,1.27449711003161,0.88379695118883
"318",2010.5,"Far East Europe / Central Asia",1.06228319973938,1.31618104129573,0.857363509306903
"324",2011.5,"Far East Europe / Central Asia",1.06342338025151,1.36802836781472,0.826641692724537
"334",2012.5,"Far East Europe / Central Asia",1.06473586653146,1.43052743945737,0.792478658017574
"344",2013.5,"Far East Europe / Central Asia",1.06621769129854,1.50433724972101,0.755695018154226
"120",1984.5,"HK and Taiwan",1.14673053215362,1.67789345746394,0.783715382835377
"220",1985.5,"HK and Taiwan",1.13534598024743,1.56605020141653,0.823096535282237
"319",1986.5,"HK and Taiwan",1.12471854520681,1.47467862226595,0.85780846540541
"417",1987.5,"HK and Taiwan",1.11467897386521,1.40217041377639,0.886132814221067
"516",1988.5,"HK and Taiwan",1.10506450676001,1.34718597657487,0.90645804316155
"616",1989.5,"HK and Taiwan",1.09571817102,1.30806987141905,0.917839586811175
"715",1990.5,"HK and Taiwan",1.08659987389268,1.28230127358773,0.920765899764039
"814",1991.5,"HK and Taiwan",1.07786253243498,1.26680968054033,0.917097222000718
"96",1992.5,"HK and Taiwan",1.06963955417183,1.25847585523937,0.909138440030932
"106",1993.5,"HK and Taiwan",1.06206060643204,1.25455916523717,0.899098873126119
"1110",1994.5,"HK and Taiwan",1.05441656354524,1.25059947571712,0.889009080098185
"126",1995.5,"HK and Taiwan",1.04661820979003,1.24635336018747,0.878891742947857
"136",1996.5,"HK and Taiwan",1.03970006346158,1.24451505348087,0.868592323522768
"146",1997.5,"HK and Taiwan",1.03467067371391,1.2438078406066,0.860698387719995
"156",1998.5,"HK and Taiwan",1.03327862976074,1.23982310539166,0.861142788900492
"166",1999.5,"HK and Taiwan",1.03539068415419,1.23778096453969,0.866093355403923
"176",2000.5,"HK and Taiwan",1.03919748274362,1.24539460561482,0.867139943654683
"186",2001.5,"HK and Taiwan",1.04288032794865,1.25967858713806,0.86339435275571
"196",2002.5,"HK and Taiwan",1.04459742300729,1.26709864873135,0.861167184769711
"206",2003.5,"HK and Taiwan",1.04600516062851,1.26083862980569,0.867777025700815
"2110",2004.5,"HK and Taiwan",1.04860443481812,1.25209163923095,0.878187527388651
"225",2005.5,"HK and Taiwan",1.05030024792475,1.24644669977133,0.88502028285138
"235",2006.5,"HK and Taiwan",1.04898696104221,1.23867224200884,0.888349320440092
"245",2007.5,"HK and Taiwan",1.04480777910408,1.22518928727556,0.890983382415821
"255",2008.5,"HK and Taiwan",1.03965912943684,1.21101202530794,0.892551917596793
"265",2009.5,"HK and Taiwan",1.03407097963291,1.19808504466273,0.89250992296627
"275",2010.5,"HK and Taiwan",1.028215716155,1.18989736914135,0.888503148562346
"285",2011.5,"HK and Taiwan",1.02177685794852,1.19084059134887,0.876715116216002
"295",2012.5,"HK and Taiwan",1.0145488132209,1.20383686620123,0.855023901748399
"305",2013.5,"HK and Taiwan",1.00647934478088,1.23061610575393,0.823165458938919
"3110",2014.5,"HK and Taiwan",0.997669889899924,1.27190247410446,0.782564095500909
"325",2015.5,"HK and Taiwan",0.988151815236885,1.32751424367541,0.735543151124715
"335",2016.5,"HK and Taiwan",0.977957584212387,1.39714013333562,0.684541953737423
"127",1970.5,"Australia / New Zealand",1.28438584732833,1.60188919951329,1.02981342612118
"226",1971.5,"Australia / New Zealand",1.2549480674829,1.52937975370774,1.02976036413519
"320",1972.5,"Australia / New Zealand",1.22754163806251,1.46446972337282,1.02894477716258
"418",1973.5,"Australia / New Zealand",1.2021355149129,1.40668955616319,1.02732674020597
"517",1974.5,"Australia / New Zealand",1.17870146321604,1.35563029539363,1.02486433366718
"617",1975.5,"Australia / New Zealand",1.15721458546945,1.31093027683825,1.02152312787605
"716",1976.5,"Australia / New Zealand",1.13765384318632,1.27225453916631,1.01729349518747
"815",1977.5,"Australia / New Zealand",1.12000257960784,1.23926580377516,1.01221689044185
"97",1978.5,"Australia / New Zealand",1.10424905125634,1.2115908344803,1.00641729245464
"107",1979.5,"Australia / New Zealand",1.090386976776,1.1887941183983,1.0001258760639
"1111",1980.5,"Australia / New Zealand",1.0784293963331,1.17037259155676,0.993709158318904
"128",1981.5,"Australia / New Zealand",1.06822766442224,1.1556469942691,0.987421201020565
"137",1982.5,"Australia / New Zealand",1.0595491358429,1.1439292660985,0.981393172232012
"147",1983.5,"Australia / New Zealand",1.05217431379215,1.13461136253484,0.975726863981576
"157",1984.5,"Australia / New Zealand",1.04589415981254,1.1271584137121,0.970488779769131
"167",1985.5,"Australia / New Zealand",1.04050785956562,1.12110048270474,0.965708803555089
"177",1986.5,"Australia / New Zealand",1.03714558159469,1.11708217095501,0.96292912499157
"187",1987.5,"Australia / New Zealand",1.03628052793734,1.11561666420142,0.962586313956502
"197",1988.5,"Australia / New Zealand",1.03674852809569,1.11599922156146,0.96312568122109
"207",1989.5,"Australia / New Zealand",1.03739274094603,1.11703296015327,0.963430567724558
"2111",1990.5,"Australia / New Zealand",1.03705522381553,1.11689653437497,0.962921366610681
"227",1991.5,"Australia / New Zealand",1.03614957055337,1.1152523387392,0.962657414170182
"236",1992.5,"Australia / New Zealand",1.03549187164471,1.11463408496959,0.96196898219877
"246",1993.5,"Australia / New Zealand",1.03452984192242,1.11445312306,0.960338278643245
"256",1994.5,"Australia / New Zealand",1.03439847736531,1.11425072288014,0.96026880486105
"266",1995.5,"Australia / New Zealand",1.03567194173012,1.11664938263339,0.960566841811613
"276",1996.5,"Australia / New Zealand",1.03695818795863,1.12099292360754,0.959223078870125
"286",1997.5,"Australia / New Zealand",1.0368601537505,1.12337693718762,0.957006453352142
"296",1998.5,"Australia / New Zealand",1.0351039242747,1.12173147771164,0.955166325754409
"306",1999.5,"Australia / New Zealand",1.03258282701051,1.11869425022512,0.95309982546389
"3111",2000.5,"Australia / New Zealand",1.02964934632713,1.1156379932416,0.950288339778951
"326",2001.5,"Australia / New Zealand",1.02665290406243,1.11321537202388,0.946821443458481
"336",2002.5,"Australia / New Zealand",1.02393905460181,1.11126890947226,0.943472078271991
"345",2003.5,"Australia / New Zealand",1.02184985251273,1.10916517791464,0.941408134578704
"354",2004.5,"Australia / New Zealand",1.02007358135158,1.10656347088456,0.940343811041984
"364",2005.5,"Australia / New Zealand",1.01815562435081,1.10375866107432,0.939191611314927
"374",2006.5,"Australia / New Zealand",1.01622120595348,1.10111082533938,0.937876111708605
"384",2007.5,"Australia / New Zealand",1.01439462333375,1.09903343492485,0.936274019651432
"393",2008.5,"Australia / New Zealand",1.01279930211055,1.09800845440239,0.934202666876474
"403",2009.5,"Australia / New Zealand",1.01155800307592,1.09860083665306,0.931411627815915
"419",2010.5,"Australia / New Zealand",1.01079317852875,1.10146207597401,0.927587859851435
"423",2011.5,"Australia / New Zealand",1.0105202542669,1.10722462933032,0.922261984816263
"432",2012.5,"Australia / New Zealand",1.01064818087429,1.11632167939012,0.914977971280232
"442",2013.5,"Australia / New Zealand",1.01114009918905,1.12902339991636,0.905565199325179
"452",2014.5,"Australia / New Zealand",1.01195949933281,1.14543285782618,0.894039333072202
"462",2015.5,"Australia / New Zealand",1.01307009496223,1.16554465132551,0.880541999089971
"472",2016.5,"Australia / New Zealand",1.01443571114307,1.18930828246957,0.865275914757356
"482",2017.5,"Australia / New Zealand",1.01602018555833,1.21667242666219,0.848459285211212
"492",2018.5,"Australia / New Zealand",1.01778728287015,1.24760777320907,0.830301778665341
"129",1949.5,"Canada / USA",1.01903451580259,1.34601670639659,0.771484736751152
"228",1952.5,"Canada / USA",1.0180182825286,1.2734621319978,0.813813930954222
"327",1955.5,"Canada / USA",1.01781042849347,1.21831203690059,0.850306027498109
"420",1958.5,"Canada / USA",1.01827032976642,1.17878793013325,0.87961068991045
"518",1961.5,"Canada / USA",1.01925862685104,1.15315841612292,0.900906704477916
"618",1964.5,"Canada / USA",1.02063640340223,1.13893228174843,0.914627396767325
"717",1967.5,"Canada / USA",1.02226455738641,1.13251479506876,0.922747172786376
"816",1969.5,"Canada / USA",1.02342012589087,1.13061696264929,0.926386909695932
"98",1970.5,"Canada / USA",1.02404804027302,1.12987681158444,0.928131614026521
"108",1971.5,"Canada / USA",1.02474790584498,1.12908751353285,0.930050379574163
"1112",1972.5,"Canada / USA",1.02549333175648,1.12833739058054,0.932023153939734
"1210",1973.5,"Canada / USA",1.02625785911317,1.12770697150483,0.933935162240007
"138",1974.5,"Canada / USA",1.0270149526237,1.12723378859119,0.935706260394213
"148",1975.5,"Canada / USA",1.02773799909348,1.12689511001686,0.937305864043428
"158",1976.5,"Canada / USA",1.02882250743246,1.12663974845455,0.939497965744217
"168",1977.5,"Canada / USA",1.03047246816749,1.12691221929436,0.942285911422735
"178",1978.5,"Canada / USA",1.03237316106857,1.12818175970853,0.94470091766956
"188",1979.5,"Canada / USA",1.03420796238694,1.13030003362302,0.946285125760938
"198",1980.5,"Canada / USA",1.03565806191464,1.13237196377812,0.94720432465508
"208",1981.5,"Canada / USA",1.03714031198103,1.13421952088397,0.94837022898158
"2112",1982.5,"Canada / USA",1.03903327161022,1.13715718074921,0.949376355168204
"229",1983.5,"Canada / USA",1.04095772411584,1.14158194433109,0.949202979932691
"237",1984.5,"Canada / USA",1.04253179776222,1.14665106026914,0.947866868138784
"247",1985.5,"Canada / USA",1.04337155191555,1.15034761105135,0.946343683325195
"257",1986.5,"Canada / USA",1.04280095690692,1.15098773629631,0.944783164436811
"267",1987.5,"Canada / USA",1.0407894605663,1.14994356674897,0.941996400995882
"277",1988.5,"Canada / USA",1.03792212557648,1.14902894443539,0.937558922234602
"287",1989.5,"Canada / USA",1.03478102956132,1.1490806143711,0.931850877778512
"297",1990.5,"Canada / USA",1.03194211069393,1.14976868398045,0.926190228226417
"307",1991.5,"Canada / USA",1.02997524126653,1.15000144172589,0.922476232751455
"3112",1994,"Canada / USA",1.02597649392147,1.14562385883051,0.918824933651394
"328",1994.5,"Canada / USA",1.02507066913911,1.14416849461223,0.918369874434807
"337",1996.5,"Canada / USA",1.02136131717439,1.13749672029814,0.917083031190444
"346",1999.5,"Canada / USA",1.01640994743763,1.12684980961927,0.916794032737341
"355",2001,"Canada / USA",1.01466806538638,1.12160601826314,0.917925961657413
"365",2001.5,"Canada / USA",1.01424797972669,1.11991348433859,0.918552172793255
"375",2002.5,"Canada / USA",1.01369523688496,1.11677086545627,0.920133274486366
"385",2003.5,"Canada / USA",1.01338900080129,1.11447512984854,0.921471677061657
"394",2004.5,"Canada / USA",1.01317902789067,1.11365424719726,0.921768803145998
"404",2005.5,"Canada / USA",1.01309178588003,1.11479490194684,0.920667079500633
"4110",2006.5,"Canada / USA",1.01315377222581,1.11840385039618,0.91780850522981
"424",2007.5,"Canada / USA",1.01339154970354,1.12496304600382,0.912885482468597
"433",2008.5,"Canada / USA",1.01381027263992,1.13487212239945,0.905662628082833
"443",2009.5,"Canada / USA",1.01438927952849,1.14837505593847,0.896036190529611
"453",2010.5,"Canada / USA",1.01511651925983,1.16554080513411,0.884105938749719
"463",2011,"Canada / USA",1.01553197008147,1.17548026129916,0.877347937019156
"473",2011.5,"Canada / USA",1.01597997413321,1.18630468783956,0.870109777378987
"483",2013.5,"Canada / USA",1.01806752465344,1.23809412401446,0.837142721745028
"130",1986.5,"Latin South America",1.26741335097117,2.12652044473903,0.755382628083358
"230",1987.5,"Latin South America",1.23956902037424,1.89406855074358,0.811233234229216
"329",1988.5,"Latin South America",1.21380991758868,1.71697659326986,0.858098195288017
"425",1989.5,"Latin South America",1.18988996706604,1.58776339773575,0.89171858712922
"519",1990.5,"Latin South America",1.16758282504585,1.4994542564061,0.909163882471142
"619",1991.5,"Latin South America",1.1466631639348,1.44336311197164,0.910953314948516
"718",1992.5,"Latin South America",1.12710130987605,1.40994772098764,0.900996075112945
"817",1993.5,"Latin South America",1.10897396826944,1.39076176986615,0.884280319567333
"99",1994.5,"Latin South America",1.09235405931587,1.37926681800087,0.865124409092481
"109",1995.5,"Latin South America",1.0773992457744,1.36587420239661,0.849850691050818
"1113",1996.5,"Latin South America",1.06428552044461,1.34947819704673,0.839364186473646
"1211",1997.5,"Latin South America",1.05311221663895,1.33779300496769,0.829011167434673
"139",1998.5,"Latin South America",1.04398178989469,1.33233848833586,0.818033845883294
"149",1999.5,"Latin South America",1.03700233861278,1.32682868083464,0.81048432689284
"159",2000.5,"Latin South America",1.0315857798128,1.31084917825472,0.811816674843418
"169",2001.5,"Latin South America",1.02710555249788,1.30177434555255,0.810390694497978
"179",2002.5,"Latin South America",1.02361887036764,1.30195493359629,0.804786375269126
"189",2003.5,"Latin South America",1.02291741999616,1.29315618890092,0.809152101743355
"199",2004.5,"Latin South America",1.02517592682879,1.28481420659308,0.818005961917374
"209",2005.5,"Latin South America",1.02803376028607,1.28194990103793,0.824410853678636
"2113",2006.5,"Latin South America",1.02911314507446,1.27672838502331,0.829521672572287
"2210",2007.5,"Latin South America",1.02925778324161,1.26761541489989,0.835720023527087
"238",2008.5,"Latin South America",1.02946714431562,1.26006678095861,0.841068598300076
"248",2009.5,"Latin South America",1.02913254593196,1.25789947546478,0.841970139708547
"258",2010.5,"Latin South America",1.02886046304418,1.271351532364,0.832620896320601
"268",2011.5,"Latin South America",1.02831894315002,1.30716845411217,0.808954534906818
"278",2012.5,"Latin South America",1.02707703870491,1.37055409609048,0.769679392038542
"288",2013.5,"Latin South America",1.02522813609696,1.46558779566087,0.717181689255862
"298",2014.5,"Latin South America",1.02322572480672,1.5951200160234,0.656371228113829
"140",1980.5,"China",0.935538468558415,1.41746554215744,0.617462788421995
"239",1981.5,"China",0.956273283266652,1.35845347709059,0.673161508812276
"330",1982.5,"China",0.975912610255772,1.31280314662843,0.725474664881951
"426",1983.5,"China",0.994288359210822,1.28037843582441,0.77212276745789
"520",1984.5,"China",1.01123078090046,1.26088262900557,0.811009422064166
"620",1985.5,"China",1.02657028721622,1.25321796043862,0.840912425342474
"719",1986.5,"China",1.0400445111183,1.25467602848113,0.862128996292983
"818",1987.5,"China",1.05158227703921,1.26189797758051,0.87631908841253
"910",1988.5,"China",1.06131684073468,1.27208400118026,0.885470955834635
"1010",1989.5,"China",1.06939879214127,1.28298355777861,0.89137056332451
"1114",1990.5,"China",1.07599320681195,1.29294514146872,0.895445091962914
"1212",1991.5,"China",1.08069982917196,1.29810733817443,0.899703812178408
"1310",1992.5,"China",1.08366479979579,1.30059164687276,0.902919376070177
"1410",1993.5,"China",1.0858972098533,1.30541910858555,0.903290554437228
"1510",1994.5,"China",1.08841839026829,1.31020637315847,0.904174042001047
"1610",1995.5,"China",1.09021942762061,1.30580438913624,0.910226991308888
"1710",1996.5,"China",1.09070697371407,1.30543105447839,0.911301825115424
"1810",1997.5,"China",1.09153972880325,1.3127807356903,0.907584143462743
"1910",1998.5,"China",1.09147654958704,1.31162020074488,0.90828202982988
"2010",1999.5,"China",1.08957759790038,1.30794400689722,0.907668321874617
"2114",2000.5,"China",1.08795523675732,1.30930860506313,0.904024148783932
"2211",2001.5,"China",1.08871248983352,1.31248004947448,0.903095544952547
"2310",2002.5,"China",1.09184455435332,1.31331576225811,0.907721178051848
"249",2003.5,"China",1.09556758734391,1.31359290746622,0.913729308080506
"259",2004.5,"China",1.09931543656715,1.31360093103002,0.919985971787662
"269",2005.5,"China",1.10251447328666,1.31317567382563,0.925647792625775
"279",2006.5,"China",1.10509470568849,1.31594682106513,0.928027097289746
"289",2007.5,"China",1.10756534380506,1.32802508920403,0.923703174563712
"299",2008.5,"China",1.11021849488105,1.35384047002358,0.910436003109344
"308",2009.5,"China",1.11307720824017,1.39732567013165,0.886651478596972
"3113",2010.5,"China",1.11596774400436,1.46122660841558,0.852286701108293
"3210",2011.5,"China",1.11888907968619,1.54714540076899,0.809175900350913
"338",2012.5,"China",1.12184018244782,1.65622175132679,0.759877349724673
"150",1977.5,"Japan",1.12760402019692,1.35463679976769,0.938621205759587
"240",1982.5,"Japan",1.05331672196536,1.1772149780662,0.942458376289423
"339",1987.5,"Japan",1.00147667674889,1.13636735989738,0.882597977966
"427",1992.5,"Japan",0.968509274668332,1.13636652786649,0.825446888936158
"522",2002.5,"Japan",0.998115825440336,1.1450246958823,0.870055645591811
"621",2005.5,"Japan",1.00249565764178,1.10131429572176,0.912543810150032
"720",2006.5,"Japan",1.00219069939998,1.09001265337464,0.921444530808223
"819",2007.5,"Japan",1.00108174094617,1.0909558505564,0.918611556594808
"911",2008.5,"Japan",0.999107552514102,1.10910692261986,0.900017736011242
"1011",2009.5,"Japan",0.996143961995326,1.14282744215766,0.868287509045355
"160",1989,"Rep Korea",1.10013206974085,1.48674173540494,0.814055691079824
"250",1995.5,"Rep Korea",1.13265746723574,1.28373661498939,0.999358375468231
"340",1996.5,"Rep Korea",1.13589481594179,1.28206801879029,1.00638734760803
"428",1997.5,"Rep Korea",1.13846519415672,1.28304403644914,1.01017810884598
"523",1998.5,"Rep Korea",1.14051387433462,1.28541375960423,1.01194801116044
"622",1999.5,"Rep Korea",1.14797319980987,1.2971888478301,1.01592182949011
"721",2000.5,"Rep Korea",1.15673146665173,1.32248212717834,1.01175483467372
"820",2001.5,"Rep Korea",1.15879120492021,1.33606884810501,1.00503582469194
"912",2005,"Rep Korea",1.13266509278951,1.37476089468093,0.933202433519627
"1012",2008.5,"Rep Korea",1.0578714203121,1.22691557662679,0.912118130401367
"1115",2009.5,"Rep Korea",1.04288226001668,1.19995002980847,0.906373916613085
"1213",2010.5,"Rep Korea",1.03335060361424,1.17427809313308,0.909336107208543
"1311",2011.5,"Rep Korea",1.02558072390023,1.15264425917039,0.91252423535493
"1411",2012.5,"Rep Korea",1.01967783738589,1.14269815764836,0.909901608834058
"1511",2013.5,"Rep Korea",1.01537495287876,1.15453303252127,0.892989863340746
"1611",2014.5,"Rep Korea",1.01253094497807,1.19287529249739,0.859451881505408
"1711",2015.5,"Rep Korea",1.01124206152349,1.25726730205969,0.813359661321835
"170",1991.5,"Thailand",1.24659016313934,1.78274483575553,0.871682252932842
"260",1992.5,"Thailand",1.0930902114284,1.38444373491836,0.863051477054825
"347",1993.5,"Thailand",0.997720528053659,1.2103701878134,0.822431238080971
"429",1994.5,"Thailand",0.946397808800603,1.15560130382234,0.775067326023265
"524",1995.5,"Thailand",0.937196878688802,1.15648355878541,0.759490251937952
"623",1996.5,"Thailand",0.96319975798031,1.19757839147671,0.774691477715568
"722",1997.5,"Thailand",1.0557974563526,1.31270819892564,0.849166836737152
"821",1998.5,"Thailand",1.14439120877291,1.40575005595919,0.931624532515575
"913",1999.5,"Thailand",1.23721698555606,1.53827315174656,0.995080664061814
"1013",2000.5,"Thailand",1.30343139420514,1.60841015551816,1.05628119392981
"1116",2001.5,"Thailand",1.33036397847991,1.62444411197234,1.08952244167267
"1214",2002.5,"Thailand",1.28996256905882,1.56489938122232,1.06332934215431
"1312",2003.5,"Thailand",1.20464839815219,1.52573676917467,0.951132457767025
"1412",2004.5,"Thailand",1.07995118855265,1.54443494035905,0.755159404374224
"180",1938.5,"All",0.964760454531506,1.13647351640825,0.818992014498897
"270",1939.5,"All",0.967698203728415,1.13136510696248,0.82770787938951
"348",1940.5,"All",0.97056415376717,1.12643694173185,0.836260550128535
"430",1941.5,"All",0.973358759333296,1.12169029128309,0.844642484412613
"525",1942.5,"All",0.976082504020288,1.11712659639912,0.852846094368817
"624",1943.5,"All",0.978735899752711,1.11274746832365,0.860863752768502
"723",1944.5,"All",0.981319486202048,1.10855468570259,0.868687802613473
"822",1945.5,"All",0.983833830196075,1.10455018688643,0.876310571425221
"914",1946.5,"All",0.986279525122485,1.10073605587799,0.883724391947835
"1014",1947.5,"All",0.988657190327516,1.09711449976024,0.890921631424892
"1117",1948.5,"All",0.990967470510308,1.09368781492741,0.897894732122232
"1215",1949.5,"All",0.993211035113701,1.09045833889412,0.904636266317194
"1313",1950.5,"All",0.995388577712184,1.0874283839225,0.911139009509708
"1413",1951.5,"All",0.997500815397697,1.0846001482756,0.917396036042436
"1512",1952.5,"All",0.999548488163946,1.08197560071718,0.92340084150565
"1612",1953.5,"All",1.00153235828992,1.07955633413363,0.929147496046842
"1712",1954.5,"All",1.00345320972327,1.07734338511591,0.934630831743205
"1811",1955.5,"All",1.00531184746414,1.07533701830852,0.9398466652264
"1911",1956.5,"All",1.00710909695018,1.07353647759204,0.944792053489266
"2011",1957.5,"All",1.00884580344324,1.07193971088095,0.949465576089723
"2115",1958.5,"All",1.01052283141839,1.07054308138291,0.953867630902555
"2212",1959,"All",1.01133924121413,1.06991817820324,0.955967551217052
"2311",1959.5,"All",1.0121410639559,1.06934108504141,0.958000723694362
"2410",1960.5,"All",1.01370140213666,1.06832610048143,0.961869725199789
"2510",1961.5,"All",1.01520476444165,1.06748820249496,0.965482064659996
"2610",1962.5,"All",1.01665208615594,1.06681507111524,0.968847827772748
"2710",1963.5,"All",1.01804431877786,1.06629202414581,0.971979731186808
"2810",1964.5,"All",1.01938242943368,1.06590219117562,0.974892955508435
"2910",1965.5,"All",1.02066740029841,1.06562683273205,0.977604833167579
"309",1966.5,"All",1.02190022802314,1.06544579199625,0.980134403719552
"3114",1967.5,"All",1.02308192316943,1.06533805206534,0.982501863598005
"3211",1968.5,"All",1.02421350965108,1.06528236253356,0.984727946548296
"3310",1969.5,"All",1.02529602418384,1.06525789728691,0.98683327284835
"349",1970.5,"All",1.02633051574334,1.06524491104466,0.988837699785865
"356",1971.5,"All",1.02731804503178,1.06522537376925,0.990759694273425
"366",1972.5,"All",1.02825968395356,1.06518357706309,0.992615733486532
"376",1973.5,"All",1.02915651510043,1.0651067224901,0.994419723591138
"386",1974.5,"All",1.03000963124631,1.06498551639293,0.996182411995097
"395",1975.5,"All",1.03082013485222,1.06481480787229,0.99791075646292
"405",1976.5,"All",1.03158913758168,1.06459431492878,0.99960720610058
"4111",1977.5,"All",1.03231775982666,1.06432948609788,1.00126884688745
"4210",1978.5,"All",1.03300713024468,1.06403253618304,1.00288637315953
"434",1979.5,"All",1.03365838530702,1.06372366459161,1.00444287654888
"444",1980,"All",1.03397007675509,1.06357358359126,1.00519055392014
"454",1980.5,"All",1.03427266885854,1.06343239532475,1.00591251333949
"464",1981.5,"All",1.03485113168919,1.0631988439816,1.00725924489148
"474",1982.5,"All",1.03549861469813,1.06308343115265,1.0086295671819
"484",1983.5,"All",1.03629422256259,1.06311370529286,1.01015132282654
"493",1984,"All",1.03673586150451,1.06318684819323,1.01094294794564
"502",1984.5,"All",1.03720046803454,1.06330138375678,1.01174025288126
"5110",1985,"All",1.03768334223251,1.06345897995839,1.01253244275484
"526",1985.5,"All",1.0381797765259,1.0636604047247,1.01330955218394
"532",1986.5,"All",1.0391944527186,1.06419073213447,1.01478529924337
"542",1987.5,"All",1.04020666083756,1.06486577346666,1.01611857964811
"552",1988,"All",1.04069997552674,1.0652402682969,1.0167250256066
"562",1988.5,"All",1.04117841866301,1.06562605814786,1.01729165798907
"572",1989,"All",1.04163722087309,1.06601088917515,1.01782084116212
"582",1989.5,"All",1.04216683055878,1.06645296609688,1.01843375867949
"592",1990,"All",1.04282721703999,1.06702044830256,1.01918253425168
"602",1990.5,"All",1.04356782835197,1.06771121840375,1.01997037550976
"6110",1991.5,"All",1.04508691380271,1.06934132654121,1.02138263087094
"625",1992.5,"All",1.04631705524412,1.07077040069089,1.02242215454251
"631",1993.5,"All",1.04749765292208,1.07174080454897,1.02380288985922
"641",1994,"All",1.0482078419477,1.07226056556763,1.02469466396819
"651",1994.5,"All",1.0489503563119,1.07286452485694,1.02556923499133
"661",1995.5,"All",1.05038899824969,1.0743811268228,1.02693264066054
"671",1996.5,"All",1.05152590918626,1.07602908222748,1.02758071873027
"681",1997,"All",1.0518909983038,1.07666216780681,1.02768974836971
"691",1997.5,"All",1.05207234998401,1.07699650614994,1.02772499565266
"701",1998.5,"All",1.05178236722899,1.07641452544772,1.02771387960758
"7110",1999.5,"All",1.05086921123473,1.07497661405534,1.02730244052012
"724",2000,"All",1.05030391715217,1.0742608373268,1.0268812564463
"731",2000.5,"All",1.04973266787019,1.07362520130612,1.02637184061374
"741",2001,"All",1.04920522703632,1.07306712484455,1.02587394856571
"751",2001.5,"All",1.04877126193429,1.07255896431719,1.02551113407501
"761",2002,"All",1.04834141469359,1.07198011208567,1.02522398444826
"771",2002.5,"All",1.0478081434787,1.07125960936921,1.02487006505058
"781",2003.5,"All",1.04652060200126,1.06957165662821,1.02396633608044
"791",2004,"All",1.04581088011924,1.06867315588301,1.02343770024996
"801",2004.5,"All",1.04508680606018,1.06776782123744,1.02288757019789
"8110",2005,"All",1.04437051805826,1.0668682518184,1.02234720841139
"823",2005.5,"All",1.04368409400768,1.0659859856493,1.0218487885853
"831",2006.5,"All",1.04225908122123,1.06427137230492,1.02070206965681
"841",2007.5,"All",1.04067017973269,1.06272957466516,1.01906867824403
"851",2008.5,"All",1.03896157111007,1.06157076274578,1.01683390700352
"861",2009.5,"All",1.03717720442214,1.06101520442585,1.0138747766155
"871",2010.5,"All",1.03535589979002,1.06127406202994,1.01007070424356
"881",2011,"All",1.03443285961107,1.06175192308918,1.00781672043486
"891",2011.5,"All",1.03349965101639,1.06247109422259,1.00531820061659
"90",2012.5,"All",1.03159703225883,1.06463187305123,0.999587241282985
"915",2013.5,"All",1.02963670873805,1.06772123880235,0.992910615105952
"921",2014.5,"All",1.02760744252102,1.07167446226402,0.985352449001852
"931",2015.5,"All",1.02549809953486,1.07642015995312,0.976985002023203
"941",2016.5,"All",1.02329765778962,1.08189158056054,0.967877110103024
"951",2017.5,"All",1.02099521678538,1.08803016632174,0.958090377422831
"961",2018.5,"All",1.01858000807656,1.09478549181154,0.947679011654127
